{"cameraMode":{"drawMode":0,"name":"Shaded","section":"Shading Mode"},"sceneLighting":true,"audioPlay":false,"sceneViewState":{"showFog":true,"showMaterialUpdate":false,"showSkybox":false,"showFlares":true,"showImageEffects":true,"showParticleSystems":true},"in2DMode":false,"pivot":{"x":-15.975424766540528,"y":-3.8659591674804689,"z":4.700889587402344},"rotation":{"x":0.3243151605129242,"y":-0.056711725890636447,"z":0.019489575177431108,"w":0.9440732598304749},"size":135.98875427246095,"orthographic":false}