{"cameraMode":{"drawMode":0,"name":"Shaded","section":"Shading Mode"},"sceneLighting":true,"audioPlay":false,"sceneViewState":{"showFog":true,"showMaterialUpdate":false,"showSkybox":false,"showFlares":true,"showImageEffects":true,"showParticleSystems":true},"in2DMode":false,"pivot":{"x":5.59991455078125,"y":-28.712810516357423,"z":2.6193881034851076},"rotation":{"x":0.22294823825359345,"y":-0.6879531145095825,"z":0.23634496331214906,"w":0.6490367650985718},"size":127.2232666015625,"orthographic":false}